date,time,matchday,home_team,away_team,city,stadium,status,result
2026-06-11,16:00,1,Mexico,South Africa,Mexico City,Estadio Banorte,To be played,
2026-06-11,23:00,1,South Korea,Czech Republic,Zapopan,Estadio Akron,To be played,
2026-06-12,16:00,1,Canada,Bosnia & Herzegovina,Toronto,BMO Field,To be played,
2026-06-12,22:00,1,USA,Paraguay,"Inglewood, California",SoFi Stadium,To be played,
2026-06-13,16:00,1,Qatar,Switzerland,,,To be played,
2026-06-13,19:00,1,Brazil,Morocco,"East Rutherford, New Jersey",MetLife Stadium,To be played,
2026-06-13,22:00,1,Haiti,Scotland,Foxborough,Gillette Stadium,To be played,
2026-06-14,01:00,1,Australia,Türkiye,Vancouver,BC Place,To be played,
2026-06-14,14:00,1,Germany,Curaçao,"Houston, Texas",NRG Stadium,To be played,
2026-06-14,17:00,1,Netherlands,Japan,,,To be played,
2026-06-14,20:00,1,Ivory Coast,Ecuador,"Philadelphia, Pennsylvania",Lincoln Financial Field,To be played,
2026-06-14,23:00,1,Sweden,Tunisia,Monterrey,Estadio BBVA,To be played,
2026-06-15,13:00,1,Spain,Cape Verde Islands,Atlanta,Mercedes-Benz Stadium,To be played,
2026-06-15,16:00,1,Belgium,Egypt,Seattle,Lumen Field,To be played,
2026-06-15,19:00,1,Saudi Arabia,Uruguay,"Miami Gardens, Florida",Hard Rock Stadium,To be played,
2026-06-15,22:00,1,Iran,New Zealand,"Inglewood, California",SoFi Stadium,To be played,
2026-06-16,16:00,1,France,Senegal,"East Rutherford, New Jersey",MetLife Stadium,To be played,
2026-06-16,19:00,1,Iraq,Norway,Foxborough,Gillette Stadium,To be played,
2026-06-16,22:00,1,Argentina,Algeria,"Kansas City, Missouri",Arrowhead Stadium,To be played,
2026-06-17,01:00,1,Austria,Jordan,,,To be played,
2026-06-17,14:00,1,Portugal,Congo DR,"Houston, Texas",NRG Stadium,To be played,
2026-06-17,17:00,1,England,Croatia,,,To be played,
2026-06-17,20:00,1,Ghana,Panama,Toronto,BMO Field,To be played,
2026-06-17,23:00,1,Uzbekistan,Colombia,Mexico City,Estadio Azteca,To be played,
2026-06-18,13:00,2,Czech Republic,South Africa,Atlanta,Mercedes-Benz Stadium,To be played,
2026-06-18,16:00,2,Switzerland,Bosnia & Herzegovina,"Inglewood, California",SoFi Stadium,To be played,
2026-06-18,19:00,2,Canada,Qatar,Vancouver,BC Place,To be played,
2026-06-18,22:00,2,Mexico,South Korea,Zapopan,Estadio Akron,To be played,
2026-06-19,16:00,2,USA,Australia,Seattle,Lumen Field,To be played,
2026-06-19,19:00,2,Scotland,Morocco,Foxborough,Gillette Stadium,To be played,
2026-06-19,21:30,2,Brazil,Haiti,"Philadelphia, Pennsylvania",Lincoln Financial Field,To be played,
2026-06-20,00:00,2,Türkiye,Paraguay,,,To be played,
2026-06-20,14:00,2,Netherlands,Sweden,"Houston, Texas",NRG Stadium,To be played,
2026-06-20,17:00,2,Germany,Ivory Coast,Toronto,BMO Field,To be played,
2026-06-20,21:00,2,Ecuador,Curaçao,"Kansas City, Missouri",Arrowhead Stadium,To be played,
2026-06-21,01:00,2,Tunisia,Japan,Monterrey,Estadio BBVA,To be played,
2026-06-21,13:00,2,Spain,Saudi Arabia,Atlanta,Mercedes-Benz Stadium,To be played,
2026-06-21,16:00,2,Belgium,Iran,"Inglewood, California",SoFi Stadium,To be played,
2026-06-21,19:00,2,Uruguay,Cape Verde Islands,"Miami Gardens, Florida",Hard Rock Stadium,To be played,
2026-06-21,22:00,2,New Zealand,Egypt,Vancouver,BC Place,To be played,
2026-06-22,14:00,2,Argentina,Austria,,,To be played,
2026-06-22,18:00,2,France,Iraq,"Philadelphia, Pennsylvania",Lincoln Financial Field,To be played,
2026-06-22,21:00,2,Norway,Senegal,"East Rutherford, New Jersey",MetLife Stadium,To be played,
2026-06-23,00:00,2,Jordan,Algeria,,,To be played,
2026-06-23,14:00,2,Portugal,Uzbekistan,"Houston, Texas",NRG Stadium,To be played,
2026-06-23,17:00,2,England,Ghana,Foxborough,Gillette Stadium,To be played,
2026-06-23,20:00,2,Panama,Croatia,Toronto,BMO Field,To be played,
2026-06-23,23:00,2,Colombia,Congo DR,Zapopan,Estadio Akron,To be played,
2026-06-24,16:00,3,Switzerland,Canada,Vancouver,BC Place,To be played,
2026-06-24,16:00,3,Bosnia & Herzegovina,Qatar,Seattle,Lumen Field,To be played,
2026-06-24,19:00,3,Morocco,Haiti,Atlanta,Mercedes-Benz Stadium,To be played,
2026-06-24,19:00,3,Scotland,Brazil,"Miami Gardens, Florida",Hard Rock Stadium,To be played,
2026-06-24,22:00,3,South Africa,South Korea,Monterrey,Estadio BBVA,To be played,
2026-06-24,22:00,3,Czech Republic,Mexico,Mexico City,Estadio Azteca,To be played,
2026-06-25,17:00,3,Curaçao,Ivory Coast,"Philadelphia, Pennsylvania",Lincoln Financial Field,To be played,
2026-06-25,17:00,3,Ecuador,Germany,"East Rutherford, New Jersey",MetLife Stadium,To be played,
2026-06-25,20:00,3,Tunisia,Netherlands,"Kansas City, Missouri",Arrowhead Stadium,To be played,
2026-06-25,20:00,3,Japan,Sweden,,,To be played,
2026-06-25,23:00,3,Paraguay,Australia,,,To be played,
2026-06-25,23:00,3,Türkiye,USA,"Inglewood, California",SoFi Stadium,To be played,
2026-06-26,16:00,3,Norway,France,Foxborough,Gillette Stadium,To be played,
2026-06-26,16:00,3,Senegal,Iraq,Toronto,BMO Field,To be played,
2026-06-26,21:00,3,Cape Verde Islands,Saudi Arabia,"Houston, Texas",NRG Stadium,To be played,
2026-06-26,21:00,3,Uruguay,Spain,Zapopan,Estadio Akron,To be played,
2026-06-27,00:00,3,Egypt,Iran,Seattle,Lumen Field,To be played,
2026-06-27,00:00,3,New Zealand,Belgium,Vancouver,BC Place,To be played,
2026-06-27,18:00,3,Croatia,Ghana,"Philadelphia, Pennsylvania",Lincoln Financial Field,To be played,
2026-06-27,18:00,3,Panama,England,"East Rutherford, New Jersey",MetLife Stadium,To be played,
2026-06-27,20:30,3,Colombia,Portugal,"Miami Gardens, Florida",Hard Rock Stadium,To be played,
2026-06-27,20:30,3,Congo DR,Uzbekistan,Atlanta,Mercedes-Benz Stadium,To be played,
2026-06-27,23:00,3,Algeria,Austria,"Kansas City, Missouri",Arrowhead Stadium,To be played,
2026-06-27,23:00,3,Jordan,Argentina,,,To be played,
2026-06-28,16:00,,TBD Home (Round of 32 #1),TBD Away (Round of 32 #1),,,To be played,
2026-06-29,14:00,,TBD Home (Round of 32 #2),TBD Away (Round of 32 #2),,,To be played,
2026-06-29,17:30,,TBD Home (Round of 32 #3),TBD Away (Round of 32 #3),,,To be played,
2026-06-29,22:00,,TBD Home (Round of 32 #4),TBD Away (Round of 32 #4),,,To be played,
2026-06-30,14:00,,TBD Home (Round of 32 #5),TBD Away (Round of 32 #5),,,To be played,
2026-06-30,18:00,,TBD Home (Round of 32 #6),TBD Away (Round of 32 #6),,,To be played,
2026-06-30,22:00,,TBD Home (Round of 32 #7),TBD Away (Round of 32 #7),,,To be played,
2026-07-01,13:00,,TBD Home (Round of 32 #8),TBD Away (Round of 32 #8),,,To be played,
2026-07-01,17:00,,TBD Home (Round of 32 #9),TBD Away (Round of 32 #9),,,To be played,
2026-07-01,21:00,,TBD Home (Round of 32 #10),TBD Away (Round of 32 #10),,,To be played,
2026-07-02,16:00,,TBD Home (Round of 32 #11),TBD Away (Round of 32 #11),,,To be played,
2026-07-02,20:00,,TBD Home (Round of 32 #12),TBD Away (Round of 32 #12),,,To be played,
2026-07-03,00:00,,TBD Home (Round of 32 #13),TBD Away (Round of 32 #13),,,To be played,
2026-07-03,15:00,,TBD Home (Round of 32 #14),TBD Away (Round of 32 #14),,,To be played,
2026-07-03,19:00,,TBD Home (Round of 32 #15),TBD Away (Round of 32 #15),,,To be played,
2026-07-03,22:30,,TBD Home (Round of 32 #16),TBD Away (Round of 32 #16),,,To be played,
2026-07-04,14:00,,TBD Home (Round of 16 #1),TBD Away (Round of 16 #1),,,To be played,
2026-07-04,18:00,,TBD Home (Round of 16 #2),TBD Away (Round of 16 #2),,,To be played,
2026-07-05,17:00,,TBD Home (Round of 16 #3),TBD Away (Round of 16 #3),,,To be played,
2026-07-05,21:00,,TBD Home (Round of 16 #4),TBD Away (Round of 16 #4),,,To be played,
2026-07-06,16:00,,TBD Home (Round of 16 #5),TBD Away (Round of 16 #5),,,To be played,
2026-07-06,21:00,,TBD Home (Round of 16 #6),TBD Away (Round of 16 #6),,,To be played,
2026-07-07,13:00,,TBD Home (Round of 16 #7),TBD Away (Round of 16 #7),,,To be played,
2026-07-07,17:00,,TBD Home (Round of 16 #8),TBD Away (Round of 16 #8),,,To be played,
2026-07-09,17:00,,TBD Home (Quarter-finals #1),TBD Away (Quarter-finals #1),,,To be played,
2026-07-10,16:00,,TBD Home (Quarter-finals #2),TBD Away (Quarter-finals #2),,,To be played,
2026-07-11,18:00,,TBD Home (Quarter-finals #3),TBD Away (Quarter-finals #3),,,To be played,
2026-07-11,22:00,,TBD Home (Quarter-finals #4),TBD Away (Quarter-finals #4),,,To be played,
2026-07-14,16:00,,TBD Home (Semi-finals #1),TBD Away (Semi-finals #1),,,To be played,
2026-07-15,16:00,,TBD Home (Semi-finals #2),TBD Away (Semi-finals #2),,,To be played,
2026-07-18,18:00,,TBD Home (3rd Place Final #1),TBD Away (3rd Place Final #1),,,To be played,
2026-07-19,16:00,,TBD Home (Final #1),TBD Away (Final #1),,,To be played,
